{
  "version": "1.0",
  "genre": "Ambient",
  "initial_rms": 0.23151848174938744,
  "rms_mid": 0.1906530813783798,
  "rms_side": 0.131347668241466,
  "rms_after_matching": 0.2315185033459344,
  "stereo_width_mid": 0.5920889364495732,
  "stereo_width_side": 0.4079110635504268,
  "simplified_spectrum_mid": [
    1.3465934280366756,
    0.2486054242830503,
    0.10718254871677663,
    0.07375404095804018,
    0.03592088167521429,
    0.0030675965357730805,
    1.9306859962474465e-05,
    1.1380509404554733e-07,
    1.3580938165337049e-07,
    9.153019468074762e-08
  ],
  "simplified_spectrum_side": [
    1.1537906390164692,
    0.23195847838000233,
    0.10645980872221213,
    0.07663117332656066,
    0.04169603318165153,
    0.004068268849041052,
    1.91143434577793e-05,
    1.056075603750027e-07,
    1.2206774243013722e-07,
    9.103285734789424e-08
  ],
  "level_correction_mid": 0.13307369193630056,
  "level_correction_side": 0.0936775704917205,
  "lufs": -13.884849168563598,
  "spectral_centroid": 144.85354525438538,
  "spectral_bandwidth": 201.93975124684286
}