{
  "version": "1.0",
  "genre": "Chillout",
  "initial_rms": 0.17736249439905563,
  "rms_mid": 0.17369337278866556,
  "rms_side": 0.03588964570391629,
  "rms_after_matching": 0.17736252258990634,
  "stereo_width_mid": 0.8287569004299525,
  "stereo_width_side": 0.17124309957004746,
  "simplified_spectrum_mid": [
    0.7914410929655881,
    0.32030616956990926,
    0.18604092747901524,
    0.1164284131810002,
    0.04122979330524367,
    0.0020352177149509853,
    1.5867345189339494e-06,
    7.774123762277103e-08,
    9.145243704577922e-08,
    5.968054225269265e-08
  ],
  "simplified_spectrum_side": [
    0.4044217831951437,
    0.1455129354558942,
    0.06096685457985712,
    0.041119220624263514,
    0.020894914182060697,
    0.0009590175005148627,
    1.04732028168584e-06,
    6.0974011609801e-08,
    6.523468020256383e-08,
    5.785003990272129e-08
  ],
  "level_correction_mid": 0.10473772980171253,
  "level_correction_side": 0.02555038341327291,
  "lufs": -13.513558916863108,
  "spectral_centroid": 248.05409713461663,
  "spectral_bandwidth": 335.4620803761825
}