{
  "version": "1.0",
  "genre": "Dance",
  "initial_rms": 0.3318066632547951,
  "rms_mid": 0.3048865340474464,
  "rms_side": 0.13091930009290642,
  "rms_after_matching": 0.33180667832381094,
  "stereo_width_mid": 0.6995925941396567,
  "stereo_width_side": 0.30040740586034326,
  "simplified_spectrum_mid": [
    2.331150202883364,
    1.0404302862511938,
    0.8713119949495305,
    0.6011986504016786,
    0.24180419179536744,
    0.016584610844438238,
    0.00024955116896561205,
    1.8620585875407363e-07,
    2.1590700766308156e-07,
    1.4261935274339243e-07
  ],
  "simplified_spectrum_side": [
    1.4388300475387459,
    0.590026758785658,
    0.4130399112100348,
    0.2752829361702165,
    0.11465560788703168,
    0.009720868161096234,
    0.00024419926901845433,
    1.523840231708783e-07,
    1.6776132344501885e-07,
    1.3667803784855205e-07
  ],
  "level_correction_mid": 0.22869694886473613,
  "level_correction_side": 0.09663481325704733,
  "lufs": -10.327218817465286,
  "spectral_centroid": 310.9173550791981,
  "spectral_bandwidth": 377.29586151889777
}