{
  "version": "1.0",
  "genre": "EDM",
  "initial_rms": 0.39123725214551086,
  "rms_mid": 0.35293760799394214,
  "rms_side": 0.16882426463599415,
  "rms_after_matching": 0.3912372649254797,
  "stereo_width_mid": 0.67643426342167,
  "stereo_width_side": 0.32356573657833004,
  "simplified_spectrum_mid": [
    2.5662877282155234,
    1.192536863610844,
    1.177579863902334,
    1.3145456661480215,
    0.810666946693279,
    0.057744916844848226,
    0.0007466426765980501,
    2.349559884047039e-07,
    2.611637280716965e-07,
    1.8207704093567548e-07
  ],
  "simplified_spectrum_side": [
    2.3064342865053797,
    0.9919159716873851,
    0.8215384148935012,
    0.7347211804686244,
    0.3356942477561915,
    0.024610425483628816,
    0.0007339512928979168,
    1.9834524437043605e-07,
    2.1598710631554916e-07,
    1.7301059835807043e-07
  ],
  "level_correction_mid": 0.2753192162883436,
  "level_correction_side": 0.1271312254302637,
  "lufs": -9.608222134429646,
  "spectral_centroid": 482.26566838157567,
  "spectral_bandwidth": 523.1330925590129
}