{
  "version": "1.0",
  "genre": "Hiphop",
  "initial_rms": 0.26266735138076946,
  "rms_mid": 0.2532994309258029,
  "rms_side": 0.069523634643571,
  "rms_after_matching": 0.2626673704162521,
  "stereo_width_mid": 0.7846385774171687,
  "stereo_width_side": 0.21536142258283134,
  "simplified_spectrum_mid": [
    1.5746656542193593,
    0.7959744443585345,
    0.735495974100871,
    0.5355227443408063,
    0.2103727702230265,
    0.042732057131136904,
    0.0008500993677556107,
    1.3349567888136443e-07,
    1.5040922239972559e-07,
    1.0086073365368548e-07
  ],
  "simplified_spectrum_side": [
    0.3588068882880591,
    0.17366472806946828,
    0.1385357060198094,
    0.11602573127707672,
    0.069078539585966,
    0.017667229806628965,
    0.00029342822100925634,
    9.692014933970366e-08,
    1.016848503677014e-07,
    9.298820243006466e-08
  ],
  "level_correction_mid": 0.16948706673316005,
  "level_correction_side": 0.0418524008157476,
  "lufs": -11.63703469052334,
  "spectral_centroid": 447.1660986412013,
  "spectral_bandwidth": 490.5373206924964
}