{
  "version": "1.0",
  "genre": "Orchestral",
  "initial_rms": 0.06356533985369155,
  "rms_mid": 0.055497534429504725,
  "rms_side": 0.030993162196865934,
  "rms_after_matching": 0.06356541851286206,
  "stereo_width_mid": 0.6416590060460186,
  "stereo_width_side": 0.3583409939539815,
  "simplified_spectrum_mid": [
    0.396575342714143,
    0.07884119727290094,
    0.028231603898932874,
    0.010206054435217701,
    0.004283794452113244,
    0.00031107593530618993,
    2.4890456777864447e-07,
    2.628783384201151e-08,
    3.1939836501346964e-08,
    2.0368532426764122e-08
  ],
  "simplified_spectrum_side": [
    0.259084958869262,
    0.06751063121996284,
    0.024657009404086667,
    0.009578735605452283,
    0.00421590390326384,
    0.0003082027244075391,
    1.5521043584825039e-07,
    2.2866615892444146e-08,
    2.6135698414667864e-08,
    2.007963160007501e-08
  ],
  "level_correction_mid": 0.031221329478080765,
  "level_correction_side": 0.018081505814196926,
  "lufs": -19.878332966828747,
  "spectral_centroid": 188.57128684567084,
  "spectral_bandwidth": 281.16570667709817
}