{
  "version": "1.0",
  "genre": "Piano",
  "initial_rms": 0.11331004268472143,
  "rms_mid": 0.08742440726998423,
  "rms_side": 0.07208424784032486,
  "rms_after_matching": 0.11331008681142819,
  "stereo_width_mid": 0.548085664752959,
  "stereo_width_side": 0.45191433524704094,
  "simplified_spectrum_mid": [
    0.3141504587902645,
    0.003941367796695597,
    0.0006541598511145862,
    0.0005184588723824239,
    0.0003775466455201307,
    3.7867652309936096e-05,
    4.08341587324427e-07,
    5.059148551560917e-08,
    5.811838621161748e-08,
    4.133602079321603e-08
  ],
  "simplified_spectrum_side": [
    0.28389390703573897,
    0.003760825001355744,
    0.000655444251584378,
    0.0005203504088749816,
    0.0003785946818146521,
    3.728609244767705e-05,
    3.4476872908622296e-07,
    4.81893079304495e-08,
    5.479447602034847e-08,
    4.119541314986254e-08
  ],
  "level_correction_mid": 0.05879566537406601,
  "level_correction_side": 0.04904706131404119,
  "lufs": -17.215943951964803,
  "spectral_centroid": 76.67840749331049,
  "spectral_bandwidth": 89.29580485206114
}