{
  "version": "1.0",
  "genre": "Pop",
  "initial_rms": 0.33119093107854797,
  "rms_mid": 0.31850750707024034,
  "rms_side": 0.09077665321312818,
  "rms_after_matching": 0.33119094617557937,
  "stereo_width_mid": 0.7782062878996372,
  "stereo_width_side": 0.2217937121003628,
  "simplified_spectrum_mid": [
    2.337000314305633,
    1.2275162702648017,
    0.8883092018790034,
    1.0148064970185375,
    0.34636666406937766,
    0.01630372572995979,
    0.0002375311719275497,
    1.9361936239524738e-07,
    2.2400722066399025e-07,
    1.453226930072515e-07
  ],
  "simplified_spectrum_side": [
    1.0628118465470429,
    0.46424870240568683,
    0.3594807806963494,
    0.5171973890522562,
    0.22753673844319364,
    0.012629899041995522,
    0.00023658284558082597,
    1.4589346322803883e-07,
    1.5418903197280737e-07,
    1.3718517926497362e-07
  ],
  "level_correction_mid": 0.2417691882893353,
  "level_correction_side": 0.06580132165079329,
  "lufs": -9.199554764198626,
  "spectral_centroid": 430.7032547484791,
  "spectral_bandwidth": 474.6116791541716
}