{
  "version": "1.0",
  "genre": "Rock",
  "initial_rms": 0.2918358671498549,
  "rms_mid": 0.27218046248916955,
  "rms_side": 0.10528992921589878,
  "rms_after_matching": 0.2918358842827724,
  "stereo_width_mid": 0.7210644025871948,
  "stereo_width_side": 0.27893559741280505,
  "simplified_spectrum_mid": [
    3.9561185482857026,
    1.4421010360793445,
    0.812374274215335,
    0.45921692802146996,
    0.1896146640807276,
    0.013216692664089626,
    9.32361992791638e-05,
    1.876081155125547e-07,
    2.3359698179084555e-07,
    1.3639057535717658e-07
  ],
  "simplified_spectrum_side": [
    1.93979165023348,
    0.7340182615960047,
    0.3987696820547164,
    0.2747453743520849,
    0.1101239630607391,
    0.00693327642730419,
    9.233921741924236e-05,
    1.4358980739722975e-07,
    1.6175746297274417e-07,
    1.2976316445704443e-07
  ],
  "level_correction_mid": 0.21067462014278843,
  "level_correction_side": 0.08173745998559491,
  "lufs": -9.417226255711235,
  "spectral_centroid": 334.04487049751435,
  "spectral_bandwidth": 381.3444900276701
}