{
  "version": "1.0",
  "genre": "Speech",
  "initial_rms": 0.10409309233505452,
  "rms_mid": 0.1040930317719917,
  "rms_side": 0.00011228708431816584,
  "rms_after_matching": 0.10409314036897045,
  "stereo_width_mid": 0.9989224438296379,
  "stereo_width_side": 0.001077556170362091,
  "simplified_spectrum_mid": [
    0.7120870651254931,
    0.2616342742416292,
    0.16142616683978472,
    0.12089071389873299,
    0.03759110827297882,
    0.002057910250351396,
    5.695217912046812e-07,
    6.12122851282166e-08,
    7.041356624175215e-08,
    4.954243586937668e-08
  ],
  "simplified_spectrum_side": [
    2.268652403109505e-05,
    4.595596590994739e-05,
    7.622308705976735e-05,
    6.822990443226882e-05,
    1.4602784761910429e-05,
    3.722431585649773e-07,
    4.835664748156488e-09,
    4.423270567564392e-09,
    4.362114812021817e-09,
    4.443824383958286e-09
  ],
  "level_correction_mid": 0.062136587291143526,
  "level_correction_side": 7.833350119773366e-06,
  "lufs": -16.496183525186932,
  "spectral_centroid": 388.59451895246747,
  "spectral_bandwidth": 366.23452507547626
}